"concept_id","concept_name","concept_class_id","vocabulary_id"
40213201,"pneumococcal polysaccharide vaccine, 23 valent","CVX","CVX"
19129655,"Ampicillin 100 MG/ML Injectable Solution","Clinical Drug","RxNorm"
40213227,"tetanus and diphtheria toxoids, adsorbed, preservative free, for adult use","CVX","CVX"
40213160,"poliovirus vaccine, inactivated","CVX","CVX"
40213180,"meningococcal polysaccharide (groups A, C, Y and W-135) diphtheria toxoid conjugate vaccine (MCV4P)","CVX","CVX"
40213251,"varicella virus vaccine","CVX","CVX"
40213260,"zoster vaccine, live","CVX","CVX"
40213296,"hepatitis A vaccine, adult dosage","CVX","CVX"
1124300,"Diclofenac","Ingredient","RxNorm"
40213306,"hepatitis B vaccine, adult dosage","CVX","CVX"
40213314,"Haemophilus influenzae type b vaccine, PRP-OMP conjugate","CVX","CVX"
40213198,"pneumococcal conjugate vaccine, 13 valent","CVX","CVX"
42902245,"{5 (Ethinyl Estradiol 0.02 MG / norethindrone acetate 1 MG Oral Tablet) / 7 (Ethinyl Estradiol 0.03 MG / norethindrone acetate 1 MG Oral Tablet) / 9 (Ethinyl Estradiol 0.035 MG / norethindrone acetate 1 MG Oral Tablet) / 7 (Ferrous fumarate 75 MG Oral Tab","Branded Pack","RxNorm"
43012433,"21 DAY Ethinyl Estradiol 0.000625 MG/HR / Etonogestrel 0.005 MG/HR Vaginal Ring [NuvaRing]","Quant Branded Drug","RxNorm"
1310034,"3 ML Amiodarone hydrochloride 50 MG/ML Prefilled Syringe","Quant Clinical Drug","RxNorm"
40169216,"120 ACTUAT Fluticasone propionate 0.044 MG/ACTUAT Metered Dose Inhaler","Quant Clinical Drug","RxNorm"
40173590,"Alendronic acid 10 MG Oral Tablet","Clinical Drug","RxNorm"
40243436,"1 ML Atropine Sulfate 1 MG/ML Injection","Quant Clinical Drug","RxNorm"
1118084,"celecoxib","Ingredient","RxNorm"
42707627,"rocuronium bromide 10 MG/ML Injectable Solution","Clinical Drug","RxNorm"
40224805,"1 ML medroxyprogesterone acetate 150 MG/ML Injection","Quant Clinical Drug","RxNorm"
19078219,"Sufentanil","Ingredient","RxNorm"
1154615,"200 ACTUAT Albuterol 0.09 MG/ACTUAT Metered Dose Inhaler","Quant Clinical Drug","RxNorm"
19133679,"{28 (Norethindrone 0.35 MG Oral Tablet) } Pack [Errin 28 Day]","Branded Pack","RxNorm"
40220386,"100 ML Propofol 10 MG/ML Injection","Quant Clinical Drug","RxNorm"
19074841,"12 HR Cefaclor 500 MG Extended Release Oral Tablet","Quant Clinical Drug","RxNorm"
40223774,"Donepezil hydrochloride 23 MG [Aricept]","Branded Drug Comp","RxNorm"
1154029,"Fentanyl","Ingredient","RxNorm"
1127078,"Acetaminophen 160 MG Oral Tablet","Clinical Drug","RxNorm"
40171902,"Verapamil hydrochloride 40 MG","Clinical Drug Comp","RxNorm"
1127433,"Acetaminophen 325 MG Oral Tablet","Clinical Drug","RxNorm"
920300,"Nitrofurantoin 5 MG/ML Oral Suspension","Clinical Drug","RxNorm"
40174880,"Levothyroxine Sodium 0.075 MG Oral Tablet","Clinical Drug","RxNorm"
920334,"NITROFURANTOIN, MACROCRYSTALS 50 MG Oral Capsule","Clinical Drug","RxNorm"
1332419,"Amlodipine 5 MG Oral Tablet","Clinical Drug","RxNorm"
40222846,"Memantine hydrochloride 2 MG/ML Oral Solution","Clinical Drug","RxNorm"
19019273,"Naproxen 500 MG Oral Tablet","Clinical Drug","RxNorm"
19057271,"Lorazepam 2 MG/ML Injectable Solution","Clinical Drug","RxNorm"
40223768,"Donepezil hydrochloride 10 MG Oral Tablet","Clinical Drug","RxNorm"
19007333,"Methotrexate 10 MG Oral Tablet","Clinical Drug","RxNorm"
45892894,"24 HR Donepezil hydrochloride 10 MG / Memantine hydrochloride 28 MG Extended Release Oral Capsule","Quant Clinical Drug","RxNorm"
19019979,"Ibuprofen 100 MG Oral Tablet","Clinical Drug","RxNorm"
19112599,"Chlorpheniramine Maleate 2 MG/ML Oral Solution","Clinical Drug","RxNorm"
40223834,"Fexofenadine hydrochloride 60 MG Oral Tablet","Clinical Drug","RxNorm"
19074843,"Cefaclor 250 MG Oral Capsule","Clinical Drug","RxNorm"
19077344,"ferrous sulfate 325 MG Oral Tablet","Clinical Drug","RxNorm"
40220960,"alteplase 100 MG Injection","Clinical Drug","RxNorm"
19075001,"Cefuroxime 250 MG Oral Tablet","Clinical Drug","RxNorm"
19078924,"Midazolam 1 MG/ML Injectable Solution","Clinical Drug","RxNorm"
43012036,"Chlorpheniramine Maleate 4 MG Oral Tablet","Clinical Drug","RxNorm"
19073183,"Amoxicillin 250 MG Oral Capsule","Clinical Drug","RxNorm"
1367571,"heparin","Ingredient","RxNorm"
19076374,"Diazepam 5 MG/ML Injectable Solution","Clinical Drug","RxNorm"
1594382,"NDA020800 0.3 ML Epinephrine 1 MG/ML Auto-Injector","Clinical Drug","RxNorm"
19073188,"Amoxicillin 500 MG Oral Tablet","Clinical Drug","RxNorm"
19079524,"Sodium Chloride 9 MG/ML Injectable Solution","Clinical Drug","RxNorm"
43012754,"Levonorgestrel 0.00354 MG/HR Drug Implant","Clinical Drug","RxNorm"
19075601,"clopidogrel 75 MG Oral Tablet","Clinical Drug","RxNorm"
19077572,"Galantamine 4 MG Oral Tablet","Clinical Drug","RxNorm"
40229134,"Acetaminophen 21.7 MG/ML / Dextromethorphan Hydrobromide 1 MG/ML / doxylamine succinate 0.417 MG/ML Oral Solution","Clinical Drug","RxNorm"
19059056,"Aspirin 81 MG Oral Tablet","Clinical Drug","RxNorm"
40236824,"Phenazopyridine hydrochloride 100 MG Oral Tablet","Clinical Drug","RxNorm"
19078461,"Ibuprofen 200 MG Oral Tablet","Clinical Drug","RxNorm"
19016749,"remifentanil","Ingredient","RxNorm"
40236446,"Methylphenidate Hydrochloride 20 MG Oral Tablet","Clinical Drug","RxNorm"
19074679,"Carbamazepine 20 MG/ML Oral Suspension [Tegretol]","Branded Drug","RxNorm"
1713671,"Amoxicillin 250 MG / Clavulanate 125 MG Oral Tablet","Clinical Drug","RxNorm"
19006318,"Penicillin G 375 MG/ML Injectable Solution","Clinical Drug","RxNorm"
964261,"Vitamin B 12 5 MG/ML Injectable Solution","Clinical Drug","RxNorm"
44816277,"168 HR Ethinyl Estradiol 0.00146 MG/HR / norelgestromin 0.00625 MG/HR Transdermal System","Quant Clinical Drug","RxNorm"
40231925,"Acetaminophen 325 MG / Oxycodone Hydrochloride 5 MG Oral Tablet","Clinical Drug","RxNorm"
35605482,"2 ML Ondansetron 2 MG/ML Injection","Quant Clinical Drug","RxNorm"
1115171,"Naproxen sodium 220 MG Oral Tablet","Clinical Drug","RxNorm"
35605858,"1 ML Morphine Sulfate 5 MG/ML Injection","Quant Clinical Drug","RxNorm"
40163554,"Warfarin Sodium 5 MG Oral Tablet","Clinical Drug","RxNorm"
40162522,"Acetaminophen 325 MG / Hydrocodone Bitartrate 7.5 MG Oral Tablet","Clinical Drug","RxNorm"
40232448,"Diphenhydramine Hydrochloride 25 MG Oral Tablet","Clinical Drug","RxNorm"
46275444,"Piperacillin 4000 MG / tazobactam 500 MG Injection","Clinical Drug","RxNorm"
1519937,"Etonogestrel 68 MG Drug Implant","Clinical Drug","RxNorm"
782047,"Isoflurane 999 MG/ML Inhalant Solution","Clinical Drug","RxNorm"
46275916,"1 ML Epinephrine 1 MG/ML Injection","Quant Clinical Drug","RxNorm"
1551192,"Prednisone 5 MG Oral Tablet","Clinical Drug","RxNorm"
1539411,"Simvastatin 20 MG Oral Tablet","Clinical Drug","RxNorm"
1545959,"atorvastatin 80 MG Oral Tablet","Clinical Drug","RxNorm"
1150771,"Astemizole 10 MG Oral Tablet","Clinical Drug","RxNorm"
19059528,"Alfentanil","Ingredient","RxNorm"
1150837,"Terfenadine 60 MG Oral Tablet","Clinical Drug","RxNorm"
1107882,"Loratadine 10 MG Oral Tablet","Clinical Drug","RxNorm"
836659,"Tacrine 10 MG Oral Capsule","Clinical Drug","RxNorm"
19089061,"Prednisone 2.5 MG [Deltasone]","Branded Drug Comp","RxNorm"
19115351,"Diazepam 5 MG [Valium]","Branded Drug Comp","RxNorm"
19128263,"{7 (Ethinyl Estradiol 0.035 MG / norgestimate 0.18 MG Oral Tablet) / 7 (Ethinyl Estradiol 0.035 MG / norgestimate 0.215 MG Oral Tablet) / 7 (Ethinyl Estradiol 0.035 MG / norgestimate 0.25 MG Oral Tablet) / 7 (Inert Ingredients 1 MG Oral Tablet) } Pack [Tr","Branded Pack","RxNorm"
19127904,"{24 (drospirenone 3 MG / Ethinyl Estradiol 0.02 MG Oral Tablet) / 4 (Inert Ingredients 1 MG Oral Tablet) } Pack [Yaz 28 Day]","Branded Pack","RxNorm"
19018935,"Digoxin 0.125 MG Oral Tablet","Clinical Drug","RxNorm"
19127922,"{28 (Norethindrone 0.35 MG Oral Tablet) } Pack [Camila 28 Day]","Branded Pack","RxNorm"
19023398,"sevoflurane 1000 MG/ML Inhalant Solution","Clinical Drug","RxNorm"
19128009,"{7 (Ethinyl Estradiol 0.01 MG Oral Tablet) / 84 (Ethinyl Estradiol 0.03 MG / Levonorgestrel 0.15 MG Oral Tablet) } Pack [Seasonique]","Branded Pack","RxNorm"
19023423,"desflurane 990 MG/ML Inhalant Solution","Clinical Drug","RxNorm"
19128022,"{7 (Ethinyl Estradiol 0.035 MG / norgestimate 0.18 MG Oral Tablet) / 7 (Ethinyl Estradiol 0.035 MG / norgestimate 0.215 MG Oral Tablet) / 7 (Ethinyl Estradiol 0.035 MG / norgestimate 0.25 MG Oral Tablet) / 7 (Inert Ingredients 1 MG Oral Tablet) } Pack [Or","Branded Pack","RxNorm"
19008572,"Hydrocortisone 10 MG/ML Topical Cream","Clinical Drug","RxNorm"
19132304,"Levonorgestrel 0.000833 MG/HR Intrauterine System [Mirena]","Branded Drug","RxNorm"
19134077,"cyclosporine, modified 100 MG [Neoral]","Branded Drug Comp","RxNorm"
19128065,"{7 (Inert Ingredients 1 MG Oral Tablet) / 21 (Mestranol 0.05 MG / Norethindrone 1 MG Oral Tablet) } Pack [Norinyl 1+50 28 Day]","Branded Pack","RxNorm"
19129144,"{28 (Norethindrone 0.35 MG Oral Tablet) } Pack [Jolivette 28 Day]","Branded Pack","RxNorm"
40169281,"60 ACTUAT Fluticasone propionate 0.25 MG/ACTUAT / salmeterol 0.05 MG/ACTUAT Dry Powder Inhaler","Quant Clinical Drug","RxNorm"
19133768,"Acetaminophen 750 MG / Hydrocodone Bitartrate 7.5 MG Oral Tablet","Clinical Drug","RxNorm"
46233710,"Doxycycline Monohydrate 100 MG Oral Tablet","Clinical Drug","RxNorm"
40228214,"cetirizine hydrochloride 10 MG Oral Tablet","Clinical Drug","RxNorm"
19133873,"Penicillin V Potassium 250 MG Oral Tablet","Clinical Drug","RxNorm"
46233988,"Doxycycline Monohydrate 50 MG Oral Tablet","Clinical Drug","RxNorm"
19133905,"Penicillin V Potassium 500 MG Oral Tablet","Clinical Drug","RxNorm"
40165015,"Meperidine Hydrochloride 50 MG Oral Tablet","Clinical Drug","RxNorm"
19126352,"Nitroglycerin 0.4 MG/ACTUAT Mucosal Spray","Clinical Drug","RxNorm"
