"concept_id","concept_name","concept_class_id","vocabulary_id","drug_group"
40163554,"Warfarin Sodium 5 MG Oral Tablet","Clinical Drug","RxNorm","Anticoagulant"
1367571,"heparin","Ingredient","RxNorm","Anticoagulant"
19059056,"Aspirin 81 MG Oral Tablet","Clinical Drug","RxNorm","Antiplatelet"
19075601,"clopidogrel 75 MG Oral Tablet","Clinical Drug","RxNorm","Antiplatelet"
1124300,"Diclofenac","Ingredient","RxNorm","NSAID"
19019979,"Ibuprofen 100 MG Oral Tablet","Clinical Drug","RxNorm","NSAID"
19078461,"Ibuprofen 200 MG Oral Tablet","Clinical Drug","RxNorm","NSAID"
19019273,"Naproxen 500 MG Oral Tablet","Clinical Drug","RxNorm","NSAID"
1115171,"Naproxen sodium 220 MG Oral Tablet","Clinical Drug","RxNorm","NSAID"
1118084,"celecoxib","Ingredient","RxNorm","NSAID"
