"condition_occurrence_id","person_id","condition_concept_id","condition_start_date","condition_start_datetime","condition_end_date","condition_end_datetime","condition_type_concept_id","condition_status_concept_id","stop_reason","provider_id","visit_occurrence_id","visit_detail_id","condition_source_value","condition_source_concept_id","condition_status_source_value"
4657,273,192671,2011-10-10,2011-10-10,NA,NA,32020,0,NA,NA,18192,0,"K92.2",35208414,NA
1021,61,192671,2005-09-15,2005-09-15,NA,NA,32020,0,NA,NA,4183,0,"K92.2",35208414,NA
5978,351,192671,2018-06-28,2018-06-28,NA,NA,32020,0,NA,NA,23432,0,"K92.2",35208414,NA
9798,579,192671,1999-11-06,1999-11-06,NA,NA,32020,0,NA,NA,38298,0,"K92.2",35208414,NA
9301,549,192671,1987-12-28,1987-12-28,NA,NA,32020,0,NA,NA,36419,0,"K92.2",35208414,NA
1997,116,192671,1970-03-12,1970-03-12,NA,NA,32020,0,NA,NA,7655,0,"K92.2",35208414,NA
2831,163,192671,2010-04-25,2010-04-25,NA,NA,32020,0,NA,NA,11188,0,"K92.2",35208414,NA
5162,304,192671,1998-05-03,1998-05-03,NA,NA,32020,0,NA,NA,20213,0,"K92.2",35208414,NA
5522,326,192671,2004-04-10,2004-04-10,NA,NA,32020,0,NA,NA,21527,0,"K92.2",35208414,NA
4831,285,192671,2006-08-16,2006-08-16,NA,NA,32020,0,NA,NA,19002,0,"K92.2",35208414,NA
6322,371,192671,2008-05-27,2008-05-27,NA,NA,32020,0,NA,NA,24680,0,"K92.2",35208414,NA
6656,393,192671,1997-10-01,1997-10-01,NA,NA,32020,0,NA,NA,25772,0,"K92.2",35208414,NA
7160,421,192671,2001-07-24,2001-07-24,NA,NA,32020,0,NA,NA,27844,0,"K92.2",35208414,NA
9148,539,192671,1969-01-18,1969-01-18,NA,NA,32020,0,NA,NA,35793,0,"K92.2",35208414,NA
5846,343,192671,2005-11-12,2005-11-12,NA,NA,32020,0,NA,NA,22971,0,"K92.2",35208414,NA
10490,616,192671,2001-03-05,2001-03-05,NA,NA,32020,0,NA,NA,41110,0,"K92.2",35208414,NA
2546,149,192671,1982-12-09,1982-12-09,NA,NA,32020,0,NA,NA,10104,0,"K92.2",35208414,NA
8857,518,192671,2007-05-21,2007-05-21,NA,NA,32020,0,NA,NA,34628,0,"K92.2",35208414,NA
7512,442,192671,1985-09-10,1985-09-10,NA,NA,32020,0,NA,NA,29414,0,"K92.2",35208414,NA
1361,80,192671,1974-10-27,1974-10-27,NA,NA,32020,0,NA,NA,5360,0,"K92.2",35208414,NA
2858,164,192671,2009-02-26,2009-02-26,NA,NA,32020,0,NA,NA,11282,0,"K92.2",35208414,NA
3855,222,192671,1988-03-28,1988-03-28,NA,NA,32020,0,NA,NA,14930,0,"K92.2",35208414,NA
549,32,192671,1987-06-09,1987-06-09,NA,NA,32020,0,NA,NA,2282,0,"K92.2",35208414,NA
7182,422,192671,2001-03-04,2001-03-04,NA,NA,32020,0,NA,NA,27965,0,"K92.2",35208414,NA
8690,507,192671,1977-10-29,1977-10-29,NA,NA,32020,0,NA,NA,33974,0,"K92.2",35208414,NA
6182,364,192671,1983-08-31,1983-08-31,NA,NA,32020,0,NA,NA,24176,0,"K92.2",35208414,NA
10063,597,192671,1987-04-14,1987-04-14,NA,NA,32020,0,NA,NA,39475,0,"K92.2",35208414,NA
3544,202,192671,1982-05-16,1982-05-16,NA,NA,32020,0,NA,NA,13878,0,"K92.2",35208414,NA
3879,224,192671,1977-03-03,1977-03-03,NA,NA,32020,0,NA,NA,15092,0,"K92.2",35208414,NA
2289,133,192671,2019-04-05,2019-04-05,NA,NA,32020,0,NA,NA,8962,0,"K92.2",35208414,NA
4539,264,192671,1984-06-22,1984-06-22,NA,NA,32020,0,NA,NA,17584,0,"K92.2",35208414,NA
1723,99,192671,2000-03-11,2000-03-11,NA,NA,32020,0,NA,NA,6727,0,"K92.2",35208414,NA
6365,374,192671,2015-09-06,2015-09-06,NA,NA,32020,0,NA,NA,24837,0,"K92.2",35208414,NA
7361,432,192671,1973-01-24,1973-01-24,NA,NA,32020,0,NA,NA,28717,0,"K92.2",35208414,NA
2306,135,192671,2010-02-01,2010-02-01,NA,NA,32020,0,NA,NA,9022,0,"K92.2",35208414,NA
9864,582,192671,2005-04-04,2005-04-04,NA,NA,32020,0,NA,NA,38558,0,"K92.2",35208414,NA
3220,187,192671,1985-02-08,1985-02-08,NA,NA,32020,0,NA,NA,12671,0,"K92.2",35208414,NA
4432,260,192671,2010-04-04,2010-04-04,NA,NA,32020,0,NA,NA,17268,0,"K92.2",35208414,NA
10379,613,192671,1977-02-09,1977-02-09,NA,NA,32020,0,NA,NA,40694,0,"K92.2",35208414,NA
69,3,192671,1958-01-29,1958-01-29,NA,NA,32020,0,NA,NA,311,0,"K92.2",35208414,NA
10092,598,192671,2010-01-22,2010-01-22,NA,NA,32020,0,NA,NA,39523,0,"K92.2",35208414,NA
5428,320,192671,1995-10-19,1995-10-19,NA,NA,32020,0,NA,NA,21180,0,"K92.2",35208414,NA
4086,236,192671,1990-12-21,1990-12-21,NA,NA,32020,0,NA,NA,15938,0,"K92.2",35208414,NA
3744,213,192671,2003-10-18,2003-10-18,NA,NA,32020,0,NA,NA,14546,0,"K92.2",35208414,NA
8571,500,192671,1998-12-03,1998-12-03,NA,NA,32020,0,NA,NA,33504,0,"K92.2",35208414,NA
3236,188,192671,2000-02-09,2000-02-09,NA,NA,32020,0,NA,NA,12813,0,"K92.2",35208414,NA
2760,160,192671,2006-02-19,2006-02-19,NA,NA,32020,0,NA,NA,11002,0,"K92.2",35208414,NA
9435,558,192671,2002-03-22,2002-03-22,NA,NA,32020,0,NA,NA,37006,0,"K92.2",35208414,NA
4466,262,192671,1999-12-29,1999-12-29,NA,NA,32020,0,NA,NA,17410,0,"K92.2",35208414,NA
6628,392,192671,2012-05-14,2012-05-14,NA,NA,32020,0,NA,NA,25743,0,"K92.2",35208414,NA
632,35,192671,1997-07-25,1997-07-25,NA,NA,32020,0,NA,NA,2415,0,"K92.2",35208414,NA
1961,115,192671,2001-04-15,2001-04-15,NA,NA,32020,0,NA,NA,7634,0,"K92.2",35208414,NA
17768,1070,192671,2009-10-30,2009-10-30,NA,NA,32020,0,NA,NA,70098,0,"K92.2",35208414,NA
4768,280,192671,1975-02-02,1975-02-02,NA,NA,32020,0,NA,NA,18671,0,"K92.2",35208414,NA
8287,484,192671,1974-08-11,1974-08-11,NA,NA,32020,0,NA,NA,32404,0,"K92.2",35208414,NA
5102,299,192671,2000-10-07,2000-10-07,NA,NA,32020,0,NA,NA,20029,0,"K92.2",35208414,NA
6256,366,192671,1944-10-06,1944-10-06,NA,NA,32020,0,NA,NA,24351,0,"K92.2",35208414,NA
16104,951,192671,1985-11-07,1985-11-07,NA,NA,32020,0,NA,NA,63225,0,"K92.2",35208414,NA
6430,377,192671,2003-04-02,2003-04-02,NA,NA,32020,0,NA,NA,24968,0,"K92.2",35208414,NA
10985,648,192671,1971-09-24,1971-09-24,NA,NA,32020,0,NA,NA,42969,0,"K92.2",35208414,NA
19936,1201,192671,2008-01-19,2008-01-19,NA,NA,32020,0,NA,NA,79031,0,"K92.2",35208414,NA
15110,890,192671,1997-11-11,1997-11-11,NA,NA,32020,0,NA,NA,59289,0,"K92.2",35208414,NA
12155,720,192671,2000-11-02,2000-11-02,NA,NA,32020,0,NA,NA,47660,0,"K92.2",35208414,NA
18116,1088,192671,2011-09-10,2011-09-10,NA,NA,32020,0,NA,NA,71436,0,"K92.2",35208414,NA
18616,1118,192671,2014-07-07,2014-07-07,NA,NA,32020,0,NA,NA,73715,0,"K92.2",35208414,NA
13149,774,192671,2008-06-22,2008-06-22,NA,NA,32020,0,NA,NA,51374,0,"K92.2",35208414,NA
13483,795,192671,1982-09-03,1982-09-03,NA,NA,32020,0,NA,NA,52798,0,"K92.2",35208414,NA
11016,651,192671,2012-06-08,2012-06-08,NA,NA,32020,0,NA,NA,43127,0,"K92.2",35208414,NA
12849,757,192671,1950-01-22,1950-01-22,NA,NA,32020,0,NA,NA,50186,0,"K92.2",35208414,NA
15155,893,192671,1993-11-09,1993-11-09,NA,NA,32020,0,NA,NA,59484,0,"K92.2",35208414,NA
18933,1137,192671,1992-01-13,1992-01-13,NA,NA,32020,0,NA,NA,74979,0,"K92.2",35208414,NA
18474,1112,192671,2007-08-17,2007-08-17,NA,NA,32020,0,NA,NA,73223,0,"K92.2",35208414,NA
20938,1257,192671,2010-04-21,2010-04-21,NA,NA,32020,0,NA,NA,82801,0,"K92.2",35208414,NA
19323,1158,192671,2016-12-27,2016-12-27,NA,NA,32020,0,NA,NA,76534,0,"K92.2",35208414,NA
14223,841,192671,1991-06-27,1991-06-27,NA,NA,32020,0,NA,NA,55547,0,"K92.2",35208414,NA
21188,1271,192671,2010-11-13,2010-11-13,NA,NA,32020,0,NA,NA,83822,0,"K92.2",35208414,NA
16666,987,192671,1988-02-16,1988-02-16,NA,NA,32020,0,NA,NA,65549,0,"K92.2",35208414,NA
13810,817,192671,1999-09-20,1999-09-20,NA,NA,32020,0,NA,NA,54143,0,"K92.2",35208414,NA
14318,844,192671,2002-10-10,2002-10-10,NA,NA,32020,0,NA,NA,55949,0,"K92.2",35208414,NA
15809,935,192671,1972-07-04,1972-07-04,NA,NA,32020,0,NA,NA,62204,0,"K92.2",35208414,NA
17888,1076,192671,2013-09-07,2013-09-07,NA,NA,32020,0,NA,NA,70519,0,"K92.2",35208414,NA
18837,1133,192671,2000-09-05,2000-09-05,NA,NA,32020,0,NA,NA,74640,0,"K92.2",35208414,NA
18291,1099,192671,1990-10-05,1990-10-05,NA,NA,32020,0,NA,NA,72202,0,"K92.2",35208414,NA
14343,847,192671,2011-06-26,2011-06-26,NA,NA,32020,0,NA,NA,56120,0,"K92.2",35208414,NA
13686,807,192671,1994-11-04,1994-11-04,NA,NA,32020,0,NA,NA,53556,0,"K92.2",35208414,NA
20207,1215,192671,2009-06-07,2009-06-07,NA,NA,32020,0,NA,NA,80042,0,"K92.2",35208414,NA
12341,729,192671,2000-04-28,2000-04-28,NA,NA,32020,0,NA,NA,48405,0,"K92.2",35208414,NA
15835,936,192671,2002-05-22,2002-05-22,NA,NA,32020,0,NA,NA,62271,0,"K92.2",35208414,NA
20985,1259,192671,1981-10-16,1981-10-16,NA,NA,32020,0,NA,NA,82979,0,"K92.2",35208414,NA
10759,639,192671,1989-06-08,1989-06-08,NA,NA,32020,0,NA,NA,42243,0,"K92.2",35208414,NA
16259,962,192671,1995-07-09,1995-07-09,NA,NA,32020,0,NA,NA,64048,0,"K92.2",35208414,NA
13376,787,192671,2017-04-02,2017-04-02,NA,NA,32020,0,NA,NA,52374,0,"K92.2",35208414,NA
15438,915,192671,1995-09-17,1995-09-17,NA,NA,32020,0,NA,NA,60789,0,"K92.2",35208414,NA
17753,1068,192671,2015-02-20,2015-02-20,NA,NA,32020,0,NA,NA,69975,0,"K92.2",35208414,NA
20740,1246,192671,1980-11-06,1980-11-06,NA,NA,32020,0,NA,NA,82136,0,"K92.2",35208414,NA
27427,1618,192671,2013-06-07,2013-06-07,NA,NA,32020,0,NA,NA,108784,0,"K92.2",35208414,NA
11751,693,192671,1995-09-01,1995-09-01,NA,NA,32020,0,NA,NA,45895,0,"K92.2",35208414,NA
18046,1084,192671,2016-08-25,2016-08-25,NA,NA,32020,0,NA,NA,71241,0,"K92.2",35208414,NA
31376,1854,192671,2012-05-19,2012-05-19,NA,NA,32020,0,NA,NA,124120,0,"K92.2",35208414,NA
13890,821,192671,1985-02-18,1985-02-18,NA,NA,32020,0,NA,NA,54376,0,"K92.2",35208414,NA
28248,1669,192671,1998-12-29,1998-12-29,NA,NA,32020,0,NA,NA,112060,0,"K92.2",35208414,NA
31216,1847,192671,1958-04-09,1958-04-09,NA,NA,32020,0,NA,NA,123480,0,"K92.2",35208414,NA
11429,675,192671,1984-04-21,1984-04-21,NA,NA,32020,0,NA,NA,44638,0,"K92.2",35208414,NA
18574,1117,192671,1978-11-29,1978-11-29,NA,NA,32020,0,NA,NA,73603,0,"K92.2",35208414,NA
18066,1085,192671,2004-11-22,2004-11-22,NA,NA,32020,0,NA,NA,71299,0,"K92.2",35208414,NA
30554,1804,192671,1972-06-05,1972-06-05,NA,NA,32020,0,NA,NA,120834,0,"K92.2",35208414,NA
28470,1685,192671,2016-01-14,2016-01-14,NA,NA,32020,0,NA,NA,112881,0,"K92.2",35208414,NA
23607,1409,192671,1960-04-29,1960-04-29,NA,NA,32020,0,NA,NA,93829,0,"K92.2",35208414,NA
12412,733,192671,1980-07-22,1980-07-22,NA,NA,32020,0,NA,NA,48642,0,"K92.2",35208414,NA
25953,1540,192671,1994-05-06,1994-05-06,NA,NA,32020,0,NA,NA,103232,0,"K92.2",35208414,NA
13443,793,192671,2010-06-18,2010-06-18,NA,NA,32020,0,NA,NA,52651,0,"K92.2",35208414,NA
21069,1265,192671,2018-02-20,2018-02-20,NA,NA,32020,0,NA,NA,83400,0,"K92.2",35208414,NA
22632,1352,192671,1989-09-23,1989-09-23,NA,NA,32020,0,NA,NA,89608,0,"K92.2",35208414,NA
29277,1733,192671,2016-02-01,2016-02-01,NA,NA,32020,0,NA,NA,115806,0,"K92.2",35208414,NA
27832,1641,192671,1997-11-10,1997-11-10,NA,NA,32020,0,NA,NA,110190,0,"K92.2",35208414,NA
28094,1658,192671,1948-01-29,1948-01-29,NA,NA,32020,0,NA,NA,111399,0,"K92.2",35208414,NA
26607,1576,192671,2007-06-28,2007-06-28,NA,NA,32020,0,NA,NA,105773,0,"K92.2",35208414,NA
29728,1759,192671,2019-04-03,2019-04-03,NA,NA,32020,0,NA,NA,117574,0,"K92.2",35208414,NA
29589,1751,192671,2017-11-13,2017-11-13,NA,NA,32020,0,NA,NA,117072,0,"K92.2",35208414,NA
24969,1491,192671,2006-05-25,2006-05-25,NA,NA,32020,0,NA,NA,99457,0,"K92.2",35208414,NA
28294,1672,192671,1989-06-20,1989-06-20,NA,NA,32020,0,NA,NA,112284,0,"K92.2",35208414,NA
26292,1560,192671,1975-02-16,1975-02-16,NA,NA,32020,0,NA,NA,104536,0,"K92.2",35208414,NA
21882,1313,192671,2011-09-04,2011-09-04,NA,NA,32020,0,NA,NA,86893,0,"K92.2",35208414,NA
28928,1713,192671,2010-07-22,2010-07-22,NA,NA,32020,0,NA,NA,114477,0,"K92.2",35208414,NA
29740,1760,192671,2017-09-23,2017-09-23,NA,NA,32020,0,NA,NA,117691,0,"K92.2",35208414,NA
31267,1848,192671,1982-10-10,1982-10-10,NA,NA,32020,0,NA,NA,123649,0,"K92.2",35208414,NA
31470,1860,192671,1996-12-24,1996-12-24,NA,NA,32020,0,NA,NA,124406,0,"K92.2",35208414,NA
31131,1844,192671,2002-12-16,2002-12-16,NA,NA,32020,0,NA,NA,123196,0,"K92.2",35208414,NA
23309,1390,192671,2006-12-19,2006-12-19,NA,NA,32020,0,NA,NA,92252,0,"K92.2",35208414,NA
25675,1525,192671,1998-12-22,1998-12-22,NA,NA,32020,0,NA,NA,102033,0,"K92.2",35208414,NA
28579,1691,192671,1985-10-20,1985-10-20,NA,NA,32020,0,NA,NA,113251,0,"K92.2",35208414,NA
30817,1821,192671,1982-11-03,1982-11-03,NA,NA,32020,0,NA,NA,121820,0,"K92.2",35208414,NA
27125,1604,192671,1991-04-13,1991-04-13,NA,NA,32020,0,NA,NA,107602,0,"K92.2",35208414,NA
31301,1850,192671,1998-09-29,1998-09-29,NA,NA,32020,0,NA,NA,123735,0,"K92.2",35208414,NA
30312,1789,192671,2017-04-02,2017-04-02,NA,NA,32020,0,NA,NA,119898,0,"K92.2",35208414,NA
25134,1498,192671,2007-05-02,2007-05-02,NA,NA,32020,0,NA,NA,99931,0,"K92.2",35208414,NA
28349,1674,192671,2012-04-27,2012-04-27,NA,NA,32020,0,NA,NA,112389,0,"K92.2",35208414,NA
29332,1737,192671,1950-09-18,1950-09-18,NA,NA,32020,0,NA,NA,116047,0,"K92.2",35208414,NA
28611,1692,192671,2017-01-28,2017-01-28,NA,NA,32020,0,NA,NA,113361,0,"K92.2",35208414,NA
35395,2097,192671,2014-04-17,2014-04-17,NA,NA,32020,0,NA,NA,139779,0,"K92.2",35208414,NA
26676,1579,192671,1988-05-25,1988-05-25,NA,NA,32020,0,NA,NA,106105,0,"K92.2",35208414,NA
29798,1762,192671,1979-12-16,1979-12-16,NA,NA,32020,0,NA,NA,117862,0,"K92.2",35208414,NA
26388,1566,192671,2003-01-01,2003-01-01,NA,NA,32020,0,NA,NA,104985,0,"K92.2",35208414,NA
31700,1878,192671,2010-10-08,2010-10-08,NA,NA,32020,0,NA,NA,125323,0,"K92.2",35208414,NA
26057,1545,192671,2006-07-22,2006-07-22,NA,NA,32020,0,NA,NA,103501,0,"K92.2",35208414,NA
35530,2105,192671,2013-04-19,2013-04-19,NA,NA,32020,0,NA,NA,140275,0,"K92.2",35208414,NA
28648,1695,192671,2010-07-26,2010-07-26,NA,NA,32020,0,NA,NA,113498,0,"K92.2",35208414,NA
31198,1846,192671,1987-12-07,1987-12-07,NA,NA,32020,0,NA,NA,123479,0,"K92.2",35208414,NA
34932,2075,192671,2006-05-05,2006-05-05,NA,NA,32020,0,NA,NA,138115,0,"K92.2",35208414,NA
36548,2164,192671,2012-10-14,2012-10-14,NA,NA,32020,0,NA,NA,144177,0,"K92.2",35208414,NA
24536,1464,192671,2002-11-01,2002-11-01,NA,NA,32020,0,NA,NA,97567,0,"K92.2",35208414,NA
39681,2349,192671,2005-02-03,2005-02-03,NA,NA,32020,0,NA,NA,156438,0,"K92.2",35208414,NA
32256,1916,192671,2007-06-07,2007-06-07,NA,NA,32020,0,NA,NA,127417,0,"K92.2",35208414,NA
37856,2243,192671,2005-10-16,2005-10-16,NA,NA,32020,0,NA,NA,149316,0,"K92.2",35208414,NA
39055,2320,192671,1980-03-23,1980-03-23,NA,NA,32020,0,NA,NA,154340,0,"K92.2",35208414,NA
36869,2180,192671,2017-09-28,2017-09-28,NA,NA,32020,0,NA,NA,145442,0,"K92.2",35208414,NA
38445,2283,192671,1975-10-06,1975-10-06,NA,NA,32020,0,NA,NA,151844,0,"K92.2",35208414,NA
32772,1946,192671,1963-02-12,1963-02-12,NA,NA,32020,0,NA,NA,129357,0,"K92.2",35208414,NA
36892,2184,192671,2003-02-26,2003-02-26,NA,NA,32020,0,NA,NA,145620,0,"K92.2",35208414,NA
29685,1756,192671,2013-07-14,2013-07-14,NA,NA,32020,0,NA,NA,117439,0,"K92.2",35208414,NA
41186,2448,192671,2000-08-10,2000-08-10,NA,NA,32020,0,NA,NA,162403,0,"K92.2",35208414,NA
29694,1758,192671,2002-11-07,2002-11-07,NA,NA,32020,0,NA,NA,117573,0,"K92.2",35208414,NA
24030,1433,192671,1995-11-08,1995-11-08,NA,NA,32020,0,NA,NA,95489,0,"K92.2",35208414,NA
36076,2138,192671,1990-07-14,1990-07-14,NA,NA,32020,0,NA,NA,142418,0,"K92.2",35208414,NA
27043,1599,192671,1998-02-23,1998-02-23,NA,NA,32020,0,NA,NA,107363,0,"K92.2",35208414,NA
27191,1606,192671,1989-06-03,1989-06-03,NA,NA,32020,0,NA,NA,107797,0,"K92.2",35208414,NA
33071,1962,192671,1999-02-24,1999-02-24,NA,NA,32020,0,NA,NA,130487,0,"K92.2",35208414,NA
33934,2016,192671,2017-04-14,2017-04-14,NA,NA,32020,0,NA,NA,134108,0,"K92.2",35208414,NA
26523,1571,192671,1998-08-27,1998-08-27,NA,NA,32020,0,NA,NA,105541,0,"K92.2",35208414,NA
35694,2116,192671,1990-10-19,1990-10-19,NA,NA,32020,0,NA,NA,140857,0,"K92.2",35208414,NA
36733,2173,192671,1975-04-22,1975-04-22,NA,NA,32020,0,NA,NA,144721,0,"K92.2",35208414,NA
31975,1900,192671,1996-01-04,1996-01-04,NA,NA,32020,0,NA,NA,126520,0,"K92.2",35208414,NA
34845,2070,192671,2008-08-15,2008-08-15,NA,NA,32020,0,NA,NA,137646,0,"K92.2",35208414,NA
37247,2206,192671,2008-04-09,2008-04-09,NA,NA,32020,0,NA,NA,147012,0,"K92.2",35208414,NA
36442,2156,192671,2009-05-07,2009-05-07,NA,NA,32020,0,NA,NA,143743,0,"K92.2",35208414,NA
39524,2342,192671,2018-07-10,2018-07-10,NA,NA,32020,0,NA,NA,155931,0,"K92.2",35208414,NA
38154,2265,192671,2002-06-16,2002-06-16,NA,NA,32020,0,NA,NA,150619,0,"K92.2",35208414,NA
37938,2250,192671,1995-05-12,1995-05-12,NA,NA,32020,0,NA,NA,149694,0,"K92.2",35208414,NA
41248,2450,192671,1986-06-04,1986-06-04,NA,NA,32020,0,NA,NA,162561,0,"K92.2",35208414,NA
38269,2273,192671,2016-06-25,2016-06-25,NA,NA,32020,0,NA,NA,151092,0,"K92.2",35208414,NA
33116,1965,192671,2010-05-27,2010-05-27,NA,NA,32020,0,NA,NA,130616,0,"K92.2",35208414,NA
38163,2266,192671,2008-07-01,2008-07-01,NA,NA,32020,0,NA,NA,150658,0,"K92.2",35208414,NA
48981,2898,192671,2016-09-03,2016-09-03,NA,NA,32020,0,NA,NA,193101,0,"K92.2",35208414,NA
41565,2470,192671,1992-12-29,1992-12-29,NA,NA,32020,0,NA,NA,163798,0,"K92.2",35208414,NA
33274,1975,192671,1957-06-15,1957-06-15,NA,NA,32020,0,NA,NA,131306,0,"K92.2",35208414,NA
42675,2543,192671,2001-06-21,2001-06-21,NA,NA,32020,0,NA,NA,168219,0,"K92.2",35208414,NA
35511,2103,192671,2010-11-02,2010-11-02,NA,NA,32020,0,NA,NA,140185,0,"K92.2",35208414,NA
40605,2414,192671,1957-05-09,1957-05-09,NA,NA,32020,0,NA,NA,160193,0,"K92.2",35208414,NA
35249,2088,192671,1945-04-25,1945-04-25,NA,NA,32020,0,NA,NA,139175,0,"K92.2",35208414,NA
32016,1902,192671,1985-11-17,1985-11-17,NA,NA,32020,0,NA,NA,126608,0,"K92.2",35208414,NA
41736,2483,192671,1984-11-07,1984-11-07,NA,NA,32020,0,NA,NA,164533,0,"K92.2",35208414,NA
52964,3135,192671,2005-11-30,2005-11-30,NA,NA,32020,0,NA,NA,208694,0,"K92.2",35208414,NA
36624,2167,192671,2017-10-03,2017-10-03,NA,NA,32020,0,NA,NA,144363,0,"K92.2",35208414,NA
39548,2343,192671,1996-02-10,1996-02-10,NA,NA,32020,0,NA,NA,156016,0,"K92.2",35208414,NA
39792,2356,192671,2017-02-27,2017-02-27,NA,NA,32020,0,NA,NA,156889,0,"K92.2",35208414,NA
37990,2256,192671,2012-05-31,2012-05-31,NA,NA,32020,0,NA,NA,149939,0,"K92.2",35208414,NA
40373,2395,192671,1996-09-12,1996-09-12,NA,NA,32020,0,NA,NA,159286,0,"K92.2",35208414,NA
45355,2697,192671,1976-01-06,1976-01-06,NA,NA,32020,0,NA,NA,178605,0,"K92.2",35208414,NA
36501,2160,192671,1998-09-23,1998-09-23,NA,NA,32020,0,NA,NA,143995,0,"K92.2",35208414,NA
52644,3117,192671,2008-05-11,2008-05-11,NA,NA,32020,0,NA,NA,207387,0,"K92.2",35208414,NA
51674,3064,192671,1975-06-26,1975-06-26,NA,NA,32020,0,NA,NA,203944,0,"K92.2",35208414,NA
45006,2677,192671,2007-01-26,2007-01-26,NA,NA,32020,0,NA,NA,177356,0,"K92.2",35208414,NA
33777,2005,192671,2010-02-12,2010-02-12,NA,NA,32020,0,NA,NA,133519,0,"K92.2",35208414,NA
32578,1934,192671,2000-09-08,2000-09-08,NA,NA,32020,0,NA,NA,128626,0,"K92.2",35208414,NA
45997,2740,192671,2010-05-13,2010-05-13,NA,NA,32020,0,NA,NA,181336,0,"K92.2",35208414,NA
39233,2328,192671,1999-06-28,1999-06-28,NA,NA,32020,0,NA,NA,154829,0,"K92.2",35208414,NA
51140,3028,192671,2000-08-07,2000-08-07,NA,NA,32020,0,NA,NA,201893,0,"K92.2",35208414,NA
33158,1967,192671,1994-05-17,1994-05-17,NA,NA,32020,0,NA,NA,130743,0,"K92.2",35208414,NA
46654,2776,192671,2014-02-21,2014-02-21,NA,NA,32020,0,NA,NA,183852,0,"K92.2",35208414,NA
52873,3132,192671,2007-05-01,2007-05-01,NA,NA,32020,0,NA,NA,208379,0,"K92.2",35208414,NA
42871,2554,192671,1968-03-29,1968-03-29,NA,NA,32020,0,NA,NA,169200,0,"K92.2",35208414,NA
32596,1935,192671,2009-04-10,2009-04-10,NA,NA,32020,0,NA,NA,128724,0,"K92.2",35208414,NA
44525,2649,192671,1993-02-14,1993-02-14,NA,NA,32020,0,NA,NA,175271,0,"K92.2",35208414,NA
34611,2054,192671,2010-10-05,2010-10-05,NA,NA,32020,0,NA,NA,136612,0,"K92.2",35208414,NA
41783,2485,192671,1953-04-30,1953-04-30,NA,NA,32020,0,NA,NA,164626,0,"K92.2",35208414,NA
53035,3141,192671,2010-11-18,2010-11-18,NA,NA,32020,0,NA,NA,209008,0,"K92.2",35208414,NA
36819,2177,192671,2005-07-04,2005-07-04,NA,NA,32020,0,NA,NA,145186,0,"K92.2",35208414,NA
39830,2358,192671,2007-10-15,2007-10-15,NA,NA,32020,0,NA,NA,157132,0,"K92.2",35208414,NA
46044,2743,192671,1992-04-27,1992-04-27,NA,NA,32020,0,NA,NA,181453,0,"K92.2",35208414,NA
49477,2926,192671,2017-11-28,2017-11-28,NA,NA,32020,0,NA,NA,195189,0,"K92.2",35208414,NA
51710,3067,192671,1976-10-06,1976-10-06,NA,NA,32020,0,NA,NA,204183,0,"K92.2",35208414,NA
49199,2909,192671,1986-09-22,1986-09-22,NA,NA,32020,0,NA,NA,193907,0,"K92.2",35208414,NA
46677,2777,192671,1999-12-04,1999-12-04,NA,NA,32020,0,NA,NA,183929,0,"K92.2",35208414,NA
43408,2586,192671,2007-11-24,2007-11-24,NA,NA,32020,0,NA,NA,171195,0,"K92.2",35208414,NA
37642,2232,192671,2005-12-05,2005-12-05,NA,NA,32020,0,NA,NA,148548,0,"K92.2",35208414,NA
52141,3087,192671,1976-05-08,1976-05-08,NA,NA,32020,0,NA,NA,205572,0,"K92.2",35208414,NA
46822,2786,192671,1959-12-27,1959-12-27,NA,NA,32020,0,NA,NA,184618,0,"K92.2",35208414,NA
33002,1958,192671,2010-10-01,2010-10-01,NA,NA,32020,0,NA,NA,130274,0,"K92.2",35208414,NA
43833,2610,192671,1992-07-12,1992-07-12,NA,NA,32020,0,NA,NA,172591,0,"K92.2",35208414,NA
45076,2682,192671,2016-06-01,2016-06-01,NA,NA,32020,0,NA,NA,177767,0,"K92.2",35208414,NA
50502,2987,192671,2015-07-03,2015-07-03,NA,NA,32020,0,NA,NA,199401,0,"K92.2",35208414,NA
52601,3115,192671,2006-05-28,2006-05-28,NA,NA,32020,0,NA,NA,207242,0,"K92.2",35208414,NA
39311,2332,192671,1996-12-04,1996-12-04,NA,NA,32020,0,NA,NA,155091,0,"K92.2",35208414,NA
42582,2540,192671,1975-01-29,1975-01-29,NA,NA,32020,0,NA,NA,167926,0,"K92.2",35208414,NA
49285,2914,192671,1997-05-23,1997-05-23,NA,NA,32020,0,NA,NA,194178,0,"K92.2",35208414,NA
48589,2878,192671,2019-04-10,2019-04-10,NA,NA,32020,0,NA,NA,191471,0,"K92.2",35208414,NA
46722,2780,192671,2001-12-20,2001-12-20,NA,NA,32020,0,NA,NA,184231,0,"K92.2",35208414,NA
52024,3081,192671,1984-05-30,1984-05-30,NA,NA,32020,0,NA,NA,205178,0,"K92.2",35208414,NA
45477,2703,192671,2014-05-11,2014-05-11,NA,NA,32020,0,NA,NA,179069,0,"K92.2",35208414,NA
45576,2709,192671,1984-04-03,1984-04-03,NA,NA,32020,0,NA,NA,179452,0,"K92.2",35208414,NA
51780,3070,192671,2000-01-19,2000-01-19,NA,NA,32020,0,NA,NA,204357,0,"K92.2",35208414,NA
42943,2556,192671,2004-08-16,2004-08-16,NA,NA,32020,0,NA,NA,169427,0,"K92.2",35208414,NA
49582,2933,192671,1998-10-16,1998-10-16,NA,NA,32020,0,NA,NA,195638,0,"K92.2",35208414,NA
51376,3048,192671,2008-09-03,2008-09-03,NA,NA,32020,0,NA,NA,202811,0,"K92.2",35208414,NA
44091,2622,192671,1975-05-22,1975-05-22,NA,NA,32020,0,NA,NA,173410,0,"K92.2",35208414,NA
52323,3098,192671,1996-02-18,1996-02-18,NA,NA,32020,0,NA,NA,206163,0,"K92.2",35208414,NA
44247,2631,192671,1993-01-08,1993-01-08,NA,NA,32020,0,NA,NA,174030,0,"K92.2",35208414,NA
59283,3516,192671,1978-04-15,1978-04-15,NA,NA,32020,0,NA,NA,233370,0,"K92.2",35208414,NA
50882,3010,192671,2004-03-09,2004-03-09,NA,NA,32020,0,NA,NA,200795,0,"K92.2",35208414,NA
55136,3263,192671,1985-04-21,1985-04-21,NA,NA,32020,0,NA,NA,216908,0,"K92.2",35208414,NA
49131,2906,192671,1965-07-06,1965-07-06,NA,NA,32020,0,NA,NA,193727,0,"K92.2",35208414,NA
43543,2594,192671,2015-05-22,2015-05-22,NA,NA,32020,0,NA,NA,171728,0,"K92.2",35208414,NA
44937,2674,192671,2013-09-06,2013-09-06,NA,NA,32020,0,NA,NA,177219,0,"K92.2",35208414,NA
43486,2591,192671,1974-09-16,1974-09-16,NA,NA,32020,0,NA,NA,171450,0,"K92.2",35208414,NA
51916,3077,192671,1992-05-08,1992-05-08,NA,NA,32020,0,NA,NA,204715,0,"K92.2",35208414,NA
43225,2574,192671,2005-08-01,2005-08-01,NA,NA,32020,0,NA,NA,170512,0,"K92.2",35208414,NA
42630,2541,192671,2017-12-17,2017-12-17,NA,NA,32020,0,NA,NA,168045,0,"K92.2",35208414,NA
47693,2834,192671,1972-03-16,1972-03-16,NA,NA,32020,0,NA,NA,188166,0,"K92.2",35208414,NA
51003,3019,192671,2015-11-29,2015-11-29,NA,NA,32020,0,NA,NA,201331,0,"K92.2",35208414,NA
63437,3746,192671,1987-02-28,1987-02-28,NA,NA,32020,0,NA,NA,249022,0,"K92.2",35208414,NA
55972,3314,192671,2003-09-23,2003-09-23,NA,NA,32020,0,NA,NA,220115,0,"K92.2",35208414,NA
58648,3477,192671,1997-02-12,1997-02-12,NA,NA,32020,0,NA,NA,230685,0,"K92.2",35208414,NA
42642,2542,192671,2003-04-24,2003-04-24,NA,NA,32020,0,NA,NA,168202,0,"K92.2",35208414,NA
53966,3195,192671,1984-10-22,1984-10-22,NA,NA,32020,0,NA,NA,212590,0,"K92.2",35208414,NA
59617,3533,192671,2001-01-13,2001-01-13,NA,NA,32020,0,NA,NA,234721,0,"K92.2",35208414,NA
56709,3363,192671,1995-10-29,1995-10-29,NA,NA,32020,0,NA,NA,222985,0,"K92.2",35208414,NA
50763,3002,192671,2013-01-01,2013-01-01,NA,NA,32020,0,NA,NA,200365,0,"K92.2",35208414,NA
53358,3161,192671,1990-01-04,1990-01-04,NA,NA,32020,0,NA,NA,210250,0,"K92.2",35208414,NA
50224,2966,192671,2001-02-25,2001-02-25,NA,NA,32020,0,NA,NA,198165,0,"K92.2",35208414,NA
54285,3216,192671,1995-12-22,1995-12-22,NA,NA,32020,0,NA,NA,213686,0,"K92.2",35208414,NA
48932,2896,192671,2002-05-25,2002-05-25,NA,NA,32020,0,NA,NA,192788,0,"K92.2",35208414,NA
59966,3553,192671,1966-11-08,1966-11-08,NA,NA,32020,0,NA,NA,235864,0,"K92.2",35208414,NA
60976,3609,192671,2018-09-11,2018-09-11,NA,NA,32020,0,NA,NA,239802,0,"K92.2",35208414,NA
59838,3545,192671,2012-03-07,2012-03-07,NA,NA,32020,0,NA,NA,235493,0,"K92.2",35208414,NA
60122,3561,192671,1944-01-20,1944-01-20,NA,NA,32020,0,NA,NA,236418,0,"K92.2",35208414,NA
61972,3658,192671,1999-09-01,1999-09-01,NA,NA,32020,0,NA,NA,243454,0,"K92.2",35208414,NA
62387,3686,192671,2009-12-16,2009-12-16,NA,NA,32020,0,NA,NA,245081,0,"K92.2",35208414,NA
60605,3582,192671,2001-10-27,2001-10-27,NA,NA,32020,0,NA,NA,238165,0,"K92.2",35208414,NA
60301,3569,192671,1999-10-03,1999-10-03,NA,NA,32020,0,NA,NA,237187,0,"K92.2",35208414,NA
54008,3196,192671,2008-07-06,2008-07-06,NA,NA,32020,0,NA,NA,212606,0,"K92.2",35208414,NA
59677,3536,192671,2000-02-18,2000-02-18,NA,NA,32020,0,NA,NA,234830,0,"K92.2",35208414,NA
59224,3513,192671,2008-01-02,2008-01-02,NA,NA,32020,0,NA,NA,233127,0,"K92.2",35208414,NA
55325,3278,192671,1994-02-17,1994-02-17,NA,NA,32020,0,NA,NA,217749,0,"K92.2",35208414,NA
58732,3483,192671,1989-01-07,1989-01-07,NA,NA,32020,0,NA,NA,231109,0,"K92.2",35208414,NA
57975,3437,192671,1955-04-23,1955-04-23,NA,NA,32020,0,NA,NA,227967,0,"K92.2",35208414,NA
53653,3177,192671,1950-07-05,1950-07-05,NA,NA,32020,0,NA,NA,211352,0,"K92.2",35208414,NA
55487,3287,192671,1980-07-02,1980-07-02,NA,NA,32020,0,NA,NA,218313,0,"K92.2",35208414,NA
52433,3106,192671,1990-05-10,1990-05-10,NA,NA,32020,0,NA,NA,206555,0,"K92.2",35208414,NA
47756,2836,192671,2019-03-21,2019-03-21,NA,NA,32020,0,NA,NA,188371,0,"K92.2",35208414,NA
48408,2866,192671,2006-01-05,2006-01-05,NA,NA,32020,0,NA,NA,190672,0,"K92.2",35208414,NA
54319,3218,192671,1992-11-29,1992-11-29,NA,NA,32020,0,NA,NA,213847,0,"K92.2",35208414,NA
65746,3887,192671,1990-06-23,1990-06-23,NA,NA,32020,0,NA,NA,258361,0,"K92.2",35208414,NA
62798,3708,192671,2015-08-07,2015-08-07,NA,NA,32020,0,NA,NA,246499,0,"K92.2",35208414,NA
60029,3556,192671,2013-10-15,2013-10-15,NA,NA,32020,0,NA,NA,236131,0,"K92.2",35208414,NA
55064,3259,192671,1999-11-21,1999-11-21,NA,NA,32020,0,NA,NA,216671,0,"K92.2",35208414,NA
63528,3752,192671,1997-12-31,1997-12-31,NA,NA,32020,0,NA,NA,249294,0,"K92.2",35208414,NA
59877,3547,192671,2014-07-17,2014-07-17,NA,NA,32020,0,NA,NA,235600,0,"K92.2",35208414,NA
56505,3352,192671,2003-08-02,2003-08-02,NA,NA,32020,0,NA,NA,222324,0,"K92.2",35208414,NA
54830,3246,192671,2017-02-16,2017-02-16,NA,NA,32020,0,NA,NA,215818,0,"K92.2",35208414,NA
55691,3296,192671,1980-07-15,1980-07-15,NA,NA,32020,0,NA,NA,219061,0,"K92.2",35208414,NA
73707,4380,192671,2001-10-25,2001-10-25,NA,NA,32020,0,NA,NA,291070,0,"K92.2",35208414,NA
57988,3438,192671,1947-03-07,1947-03-07,NA,NA,32020,0,NA,NA,228045,0,"K92.2",35208414,NA
62855,3714,192671,1958-09-08,1958-09-08,NA,NA,32020,0,NA,NA,246786,0,"K92.2",35208414,NA
69254,4100,192671,1980-03-19,1980-03-19,NA,NA,32020,0,NA,NA,272405,0,"K92.2",35208414,NA
63919,3777,192671,2018-09-19,2018-09-19,NA,NA,32020,0,NA,NA,251031,0,"K92.2",35208414,NA
54467,3226,192671,2012-08-04,2012-08-04,NA,NA,32020,0,NA,NA,214447,0,"K92.2",35208414,NA
72907,4333,192671,1994-08-13,1994-08-13,NA,NA,32020,0,NA,NA,287398,0,"K92.2",35208414,NA
57347,3403,192671,2008-09-05,2008-09-05,NA,NA,32020,0,NA,NA,225746,0,"K92.2",35208414,NA
43317,2579,192671,1992-06-03,1992-06-03,NA,NA,32020,0,NA,NA,170783,0,"K92.2",35208414,NA
66601,3941,192671,1999-08-10,1999-08-10,NA,NA,32020,0,NA,NA,262038,0,"K92.2",35208414,NA
60694,3593,192671,1988-03-27,1988-03-27,NA,NA,32020,0,NA,NA,238707,0,"K92.2",35208414,NA
56905,3376,192671,1994-07-02,1994-07-02,NA,NA,32020,0,NA,NA,224071,0,"K92.2",35208414,NA
53700,3178,192671,1994-10-06,1994-10-06,NA,NA,32020,0,NA,NA,211446,0,"K92.2",35208414,NA
62551,3695,192671,2013-12-22,2013-12-22,NA,NA,32020,0,NA,NA,245608,0,"K92.2",35208414,NA
55811,3304,192671,2001-06-08,2001-06-08,NA,NA,32020,0,NA,NA,219439,0,"K92.2",35208414,NA
59741,3540,192671,2013-07-26,2013-07-26,NA,NA,32020,0,NA,NA,235169,0,"K92.2",35208414,NA
65797,3890,192671,1993-03-25,1993-03-25,NA,NA,32020,0,NA,NA,258556,0,"K92.2",35208414,NA
55551,3290,192671,2004-06-29,2004-06-29,NA,NA,32020,0,NA,NA,218561,0,"K92.2",35208414,NA
58489,3464,192671,2017-07-22,2017-07-22,NA,NA,32020,0,NA,NA,229946,0,"K92.2",35208414,NA
65605,3879,192671,1981-05-08,1981-05-08,NA,NA,32020,0,NA,NA,257656,0,"K92.2",35208414,NA
62224,3675,192671,2009-01-09,2009-01-09,NA,NA,32020,0,NA,NA,244429,0,"K92.2",35208414,NA
72986,4337,192671,2006-04-26,2006-04-26,NA,NA,32020,0,NA,NA,287617,0,"K92.2",35208414,NA
57035,3383,192671,2018-08-30,2018-08-30,NA,NA,32020,0,NA,NA,224534,0,"K92.2",35208414,NA
60446,3573,192671,1963-12-21,1963-12-21,NA,NA,32020,0,NA,NA,237632,0,"K92.2",35208414,NA
55409,3283,192671,2016-07-03,2016-07-03,NA,NA,32020,0,NA,NA,218109,0,"K92.2",35208414,NA
69309,4102,192671,2006-08-10,2006-08-10,NA,NA,32020,0,NA,NA,272622,0,"K92.2",35208414,NA
61201,3621,192671,1955-11-19,1955-11-19,NA,NA,32020,0,NA,NA,240660,0,"K92.2",35208414,NA
62977,3719,192671,2003-11-03,2003-11-03,NA,NA,32020,0,NA,NA,247205,0,"K92.2",35208414,NA
64607,3820,192671,2005-08-10,2005-08-10,NA,NA,32020,0,NA,NA,253603,0,"K92.2",35208414,NA
66742,3950,192671,2015-01-14,2015-01-14,NA,NA,32020,0,NA,NA,262576,0,"K92.2",35208414,NA
73044,4340,192671,2010-04-28,2010-04-28,NA,NA,32020,0,NA,NA,287783,0,"K92.2",35208414,NA
73923,4390,192671,1994-11-21,1994-11-21,NA,NA,32020,0,NA,NA,291912,0,"K92.2",35208414,NA
63783,3767,192671,2018-12-06,2018-12-06,NA,NA,32020,0,NA,NA,250387,0,"K92.2",35208414,NA
73930,4391,192671,1978-08-14,1978-08-14,NA,NA,32020,0,NA,NA,291997,0,"K92.2",35208414,NA
53761,3181,192671,1987-12-16,1987-12-16,NA,NA,32020,0,NA,NA,211686,0,"K92.2",35208414,NA
67067,3966,192671,2003-05-31,2003-05-31,NA,NA,32020,0,NA,NA,263666,0,"K92.2",35208414,NA
57928,3436,192671,2003-05-03,2003-05-03,NA,NA,32020,0,NA,NA,227919,0,"K92.2",35208414,NA
60402,3572,192671,1993-11-20,1993-11-20,NA,NA,32020,0,NA,NA,237446,0,"K92.2",35208414,NA
64636,3822,192671,1986-11-13,1986-11-13,NA,NA,32020,0,NA,NA,253824,0,"K92.2",35208414,NA
66934,3958,192671,2001-12-09,2001-12-09,NA,NA,32020,0,NA,NA,263146,0,"K92.2",35208414,NA
54759,3241,192671,1998-09-14,1998-09-14,NA,NA,32020,0,NA,NA,215454,0,"K92.2",35208414,NA
66248,3921,192671,2014-09-04,2014-09-04,NA,NA,32020,0,NA,NA,260702,0,"K92.2",35208414,NA
59041,3504,192671,1956-05-19,1956-05-19,NA,NA,32020,0,NA,NA,232331,0,"K92.2",35208414,NA
81009,4805,192671,2003-08-18,2003-08-18,NA,NA,32020,0,NA,NA,319699,0,"K92.2",35208414,NA
54444,3224,192671,2002-01-26,2002-01-26,NA,NA,32020,0,NA,NA,214340,0,"K92.2",35208414,NA
68808,4072,192671,2012-01-09,2012-01-09,NA,NA,32020,0,NA,NA,270678,0,"K92.2",35208414,NA
54226,3214,192671,2009-01-25,2009-01-25,NA,NA,32020,0,NA,NA,213499,0,"K92.2",35208414,NA
54582,3232,192671,2004-07-15,2004-07-15,NA,NA,32020,0,NA,NA,214815,0,"K92.2",35208414,NA
68444,4045,192671,2015-07-17,2015-07-17,NA,NA,32020,0,NA,NA,269034,0,"K92.2",35208414,NA
64262,3795,192671,2010-08-11,2010-08-11,NA,NA,32020,0,NA,NA,252325,0,"K92.2",35208414,NA
83517,4963,192671,2009-05-25,2009-05-25,NA,NA,32020,0,NA,NA,329959,0,"K92.2",35208414,NA
66800,3951,192671,1986-09-17,1986-09-17,NA,NA,32020,0,NA,NA,262673,0,"K92.2",35208414,NA
66973,3960,192671,1997-06-12,1997-06-12,NA,NA,32020,0,NA,NA,263314,0,"K92.2",35208414,NA
60526,3578,192671,2017-01-08,2017-01-08,NA,NA,32020,0,NA,NA,237907,0,"K92.2",35208414,NA
76361,4529,192671,1997-09-09,1997-09-09,NA,NA,32020,0,NA,NA,301559,0,"K92.2",35208414,NA
61714,3644,192671,1981-12-09,1981-12-09,NA,NA,32020,0,NA,NA,242487,0,"K92.2",35208414,NA
67499,3989,192671,1965-02-06,1965-02-06,NA,NA,32020,0,NA,NA,265271,0,"K92.2",35208414,NA
69870,4133,192671,2009-11-25,2009-11-25,NA,NA,32020,0,NA,NA,274773,0,"K92.2",35208414,NA
66999,3961,192671,2011-11-24,2011-11-24,NA,NA,32020,0,NA,NA,263349,0,"K92.2",35208414,NA
61746,3647,192671,1970-01-06,1970-01-06,NA,NA,32020,0,NA,NA,242624,0,"K92.2",35208414,NA
63905,3776,192671,2007-11-18,2007-11-18,NA,NA,32020,0,NA,NA,250956,0,"K92.2",35208414,NA
68508,4051,192671,2009-10-14,2009-10-14,NA,NA,32020,0,NA,NA,269273,0,"K92.2",35208414,NA
58906,3494,192671,1999-02-24,1999-02-24,NA,NA,32020,0,NA,NA,231786,0,"K92.2",35208414,NA
76210,4522,192671,2017-11-08,2017-11-08,NA,NA,32020,0,NA,NA,301116,0,"K92.2",35208414,NA
66351,3928,192671,2012-09-11,2012-09-11,NA,NA,32020,0,NA,NA,261146,0,"K92.2",35208414,NA
81107,4811,192671,1999-12-03,1999-12-03,NA,NA,32020,0,NA,NA,320049,0,"K92.2",35208414,NA
69134,4091,192671,2009-06-12,2009-06-12,NA,NA,32020,0,NA,NA,271950,0,"K92.2",35208414,NA
73561,4373,192671,2018-02-04,2018-02-04,NA,NA,32020,0,NA,NA,290374,0,"K92.2",35208414,NA
68021,4018,192671,2001-09-09,2001-09-09,NA,NA,32020,0,NA,NA,267047,0,"K92.2",35208414,NA
71702,4253,192671,2018-10-25,2018-10-25,NA,NA,32020,0,NA,NA,282429,0,"K92.2",35208414,NA
79188,4689,192671,2007-12-12,2007-12-12,NA,NA,32020,0,NA,NA,312397,0,"K92.2",35208414,NA
67797,4006,192671,1995-01-10,1995-01-10,NA,NA,32020,0,NA,NA,266148,0,"K92.2",35208414,NA
72708,4320,192671,2010-03-23,2010-03-23,NA,NA,32020,0,NA,NA,286639,0,"K92.2",35208414,NA
69577,4117,192671,1996-08-08,1996-08-08,NA,NA,32020,0,NA,NA,273735,0,"K92.2",35208414,NA
73574,4374,192671,2013-04-13,2013-04-13,NA,NA,32020,0,NA,NA,290531,0,"K92.2",35208414,NA
64992,3843,192671,2008-06-27,2008-06-27,NA,NA,32020,0,NA,NA,255094,0,"K92.2",35208414,NA
78002,4622,192671,1997-08-31,1997-08-31,NA,NA,32020,0,NA,NA,307859,0,"K92.2",35208414,NA
70858,4204,192671,1988-12-26,1988-12-26,NA,NA,32020,0,NA,NA,279143,0,"K92.2",35208414,NA
70101,4149,192671,2002-10-13,2002-10-13,NA,NA,32020,0,NA,NA,275749,0,"K92.2",35208414,NA
70134,4153,192671,2001-10-30,2001-10-30,NA,NA,32020,0,NA,NA,276037,0,"K92.2",35208414,NA
67207,3972,192671,1999-08-15,1999-08-15,NA,NA,32020,0,NA,NA,264166,0,"K92.2",35208414,NA
67837,4009,192671,1992-06-12,1992-06-12,NA,NA,32020,0,NA,NA,266431,0,"K92.2",35208414,NA
64772,3831,192671,1991-05-04,1991-05-04,NA,NA,32020,0,NA,NA,254405,0,"K92.2",35208414,NA
71964,4270,192671,2005-09-15,2005-09-15,NA,NA,32020,0,NA,NA,283417,0,"K92.2",35208414,NA
84677,5035,192671,1969-07-27,1969-07-27,NA,NA,32020,0,NA,NA,334575,0,"K92.2",35208414,NA
64219,3791,192671,1947-12-25,1947-12-25,NA,NA,32020,0,NA,NA,252116,0,"K92.2",35208414,NA
68052,4019,192671,2005-05-08,2005-05-08,NA,NA,32020,0,NA,NA,267176,0,"K92.2",35208414,NA
70986,4210,192671,2017-02-17,2017-02-17,NA,NA,32020,0,NA,NA,279517,0,"K92.2",35208414,NA
84370,5014,192671,1949-01-08,1949-01-08,NA,NA,32020,0,NA,NA,333250,0,"K92.2",35208414,NA
74654,4433,192671,1982-08-13,1982-08-13,NA,NA,32020,0,NA,NA,294732,0,"K92.2",35208414,NA
66394,3930,192671,1958-01-03,1958-01-03,NA,NA,32020,0,NA,NA,261311,0,"K92.2",35208414,NA
74453,4419,192671,1991-01-20,1991-01-20,NA,NA,32020,0,NA,NA,293806,0,"K92.2",35208414,NA
77282,4578,192671,2000-04-25,2000-04-25,NA,NA,32020,0,NA,NA,305004,0,"K92.2",35208414,NA
69178,4092,192671,2015-04-29,2015-04-29,NA,NA,32020,0,NA,NA,272062,0,"K92.2",35208414,NA
70179,4156,192671,1997-04-02,1997-04-02,NA,NA,32020,0,NA,NA,276155,0,"K92.2",35208414,NA
81292,4820,192671,1995-10-24,1995-10-24,NA,NA,32020,0,NA,NA,320665,0,"K92.2",35208414,NA
64402,3804,192671,2003-07-05,2003-07-05,NA,NA,32020,0,NA,NA,252863,0,"K92.2",35208414,NA
74673,4435,192671,2000-11-16,2000-11-16,NA,NA,32020,0,NA,NA,294782,0,"K92.2",35208414,NA
83839,4979,192671,2014-10-22,2014-10-22,NA,NA,32020,0,NA,NA,331270,0,"K92.2",35208414,NA
69445,4109,192671,2002-03-25,2002-03-25,NA,NA,32020,0,NA,NA,273074,0,"K92.2",35208414,NA
84405,5017,192671,2015-08-17,2015-08-17,NA,NA,32020,0,NA,NA,333436,0,"K92.2",35208414,NA
65368,3865,192671,1990-06-09,1990-06-09,NA,NA,32020,0,NA,NA,256560,0,"K92.2",35208414,NA
73638,4376,192671,1961-02-23,1961-02-23,NA,NA,32020,0,NA,NA,290729,0,"K92.2",35208414,NA
81888,4855,192671,2014-08-22,2014-08-22,NA,NA,32020,0,NA,NA,323003,0,"K92.2",35208414,NA
74742,4439,192671,1995-07-01,1995-07-01,NA,NA,32020,0,NA,NA,295119,0,"K92.2",35208414,NA
76039,4509,192671,2007-01-25,2007-01-25,NA,NA,32020,0,NA,NA,300402,0,"K92.2",35208414,NA
78384,4641,192671,2004-12-29,2004-12-29,NA,NA,32020,0,NA,NA,309347,0,"K92.2",35208414,NA
78699,4661,192671,2018-04-27,2018-04-27,NA,NA,32020,0,NA,NA,310666,0,"K92.2",35208414,NA
64828,3833,192671,2002-01-27,2002-01-27,NA,NA,32020,0,NA,NA,254498,0,"K92.2",35208414,NA
72365,4295,192671,2007-12-11,2007-12-11,NA,NA,32020,0,NA,NA,285101,0,"K92.2",35208414,NA
69497,4113,192671,1992-06-03,1992-06-03,NA,NA,32020,0,NA,NA,273392,0,"K92.2",35208414,NA
74916,4450,192671,2009-03-03,2009-03-03,NA,NA,32020,0,NA,NA,296056,0,"K92.2",35208414,NA
72183,4283,192671,1991-03-03,1991-03-03,NA,NA,32020,0,NA,NA,284276,0,"K92.2",35208414,NA
76587,4538,192671,1987-06-01,1987-06-01,NA,NA,32020,0,NA,NA,302313,0,"K92.2",35208414,NA
82384,4886,192671,2002-05-01,2002-05-01,NA,NA,32020,0,NA,NA,324938,0,"K92.2",35208414,NA
84449,5022,192671,2005-06-19,2005-06-19,NA,NA,32020,0,NA,NA,333656,0,"K92.2",35208414,NA
71183,4222,192671,1987-02-17,1987-02-17,NA,NA,32020,0,NA,NA,280343,0,"K92.2",35208414,NA
82866,4922,192671,2013-08-01,2013-08-01,NA,NA,32020,0,NA,NA,327006,0,"K92.2",35208414,NA
83305,4949,192671,2013-03-31,2013-03-31,NA,NA,32020,0,NA,NA,329003,0,"K92.2",35208414,NA
82556,4898,192671,1998-01-09,1998-01-09,NA,NA,32020,0,NA,NA,325676,0,"K92.2",35208414,NA
77493,4591,192671,1995-04-10,1995-04-10,NA,NA,32020,0,NA,NA,305892,0,"K92.2",35208414,NA
82563,4899,192671,1964-06-13,1964-06-13,NA,NA,32020,0,NA,NA,325807,0,"K92.2",35208414,NA
75588,4485,192671,1994-12-14,1994-12-14,NA,NA,32020,0,NA,NA,298617,0,"K92.2",35208414,NA
71198,4223,192671,1989-11-01,1989-11-01,NA,NA,32020,0,NA,NA,280380,0,"K92.2",35208414,NA
81974,4860,192671,2011-11-04,2011-11-04,NA,NA,32020,0,NA,NA,323338,0,"K92.2",35208414,NA
87850,5228,192671,1969-01-21,1969-01-21,NA,NA,32020,0,NA,NA,347756,0,"K92.2",35208414,NA
69549,4116,192671,2012-07-20,2012-07-20,NA,NA,32020,0,NA,NA,273635,0,"K92.2",35208414,NA
74945,4451,192671,1992-11-10,1992-11-10,NA,NA,32020,0,NA,NA,296175,0,"K92.2",35208414,NA
78250,4633,192671,1992-09-27,1992-09-27,NA,NA,32020,0,NA,NA,308807,0,"K92.2",35208414,NA
88599,5267,192671,2006-04-03,2006-04-03,NA,NA,32020,0,NA,NA,350477,0,"K92.2",35208414,NA
81433,4829,192671,2012-07-04,2012-07-04,NA,NA,32020,0,NA,NA,321316,0,"K92.2",35208414,NA
75623,4487,192671,1988-03-26,1988-03-26,NA,NA,32020,0,NA,NA,298776,0,"K92.2",35208414,NA
76664,4544,192671,1984-06-02,1984-06-02,NA,NA,32020,0,NA,NA,302707,0,"K92.2",35208414,NA
82322,4883,192671,1986-04-18,1986-04-18,NA,NA,32020,0,NA,NA,324677,0,"K92.2",35208414,NA
76802,4551,192671,2015-12-30,2015-12-30,NA,NA,32020,0,NA,NA,303328,0,"K92.2",35208414,NA
82902,4923,192671,2000-06-14,2000-06-14,NA,NA,32020,0,NA,NA,327123,0,"K92.2",35208414,NA
76165,4521,192671,1958-11-18,1958-11-18,NA,NA,32020,0,NA,NA,300975,0,"K92.2",35208414,NA
87879,5229,192671,2004-05-03,2004-05-03,NA,NA,32020,0,NA,NA,347870,0,"K92.2",35208414,NA
88163,5241,192671,2001-04-15,2001-04-15,NA,NA,32020,0,NA,NA,348733,0,"K92.2",35208414,NA
78457,4644,192671,2001-02-16,2001-02-16,NA,NA,32020,0,NA,NA,309697,0,"K92.2",35208414,NA
87321,5197,192671,1995-11-12,1995-11-12,NA,NA,32020,0,NA,NA,345574,0,"K92.2",35208414,NA
85839,5107,192671,2011-07-09,2011-07-09,NA,NA,32020,0,NA,NA,339318,0,"K92.2",35208414,NA
83993,4988,192671,1991-06-05,1991-06-05,NA,NA,32020,0,NA,NA,331835,0,"K92.2",35208414,NA
81722,4848,192671,1996-11-19,1996-11-19,NA,NA,32020,0,NA,NA,322575,0,"K92.2",35208414,NA
74983,4452,192671,1996-12-04,1996-12-04,NA,NA,32020,0,NA,NA,296241,0,"K92.2",35208414,NA
87346,5199,192671,2001-04-19,2001-04-19,NA,NA,32020,0,NA,NA,345720,0,"K92.2",35208414,NA
86870,5172,192671,1980-05-04,1980-05-04,NA,NA,32020,0,NA,NA,343915,0,"K92.2",35208414,NA
75120,4462,192671,1990-10-23,1990-10-23,NA,NA,32020,0,NA,NA,296951,0,"K92.2",35208414,NA
88322,5252,192671,1995-12-19,1995-12-19,NA,NA,32020,0,NA,NA,349449,0,"K92.2",35208414,NA
84225,5002,192671,2019-05-25,2019-05-25,NA,NA,32020,0,NA,NA,332698,0,"K92.2",35208414,NA
88211,5245,192671,2016-01-31,2016-01-31,NA,NA,32020,0,NA,NA,348938,0,"K92.2",35208414,NA
85891,5111,192671,1980-02-02,1980-02-02,NA,NA,32020,0,NA,NA,339633,0,"K92.2",35208414,NA
84249,5004,192671,2012-09-13,2012-09-13,NA,NA,32020,0,NA,NA,332854,0,"K92.2",35208414,NA
80239,4755,192671,1963-11-29,1963-11-29,NA,NA,32020,0,NA,NA,316705,0,"K92.2",35208414,NA
87218,5194,192671,1982-09-26,1982-09-26,NA,NA,32020,0,NA,NA,345407,0,"K92.2",35208414,NA
75972,4505,192671,1981-11-16,1981-11-16,NA,NA,32020,0,NA,NA,300038,0,"K92.2",35208414,NA
78345,4639,192671,2004-09-05,2004-09-05,NA,NA,32020,0,NA,NA,309245,0,"K92.2",35208414,NA
89724,5333,192671,1986-09-06,1986-09-06,NA,NA,32020,0,NA,NA,355125,0,"K92.2",35208414,NA
88091,5239,192671,2011-10-26,2011-10-26,NA,NA,32020,0,NA,NA,348605,0,"K92.2",35208414,NA
80250,4756,192671,1985-04-21,1985-04-21,NA,NA,32020,0,NA,NA,316780,0,"K92.2",35208414,NA
75183,4466,192671,2008-04-25,2008-04-25,NA,NA,32020,0,NA,NA,297104,0,"K92.2",35208414,NA
87246,5195,192671,1995-07-26,1995-07-26,NA,NA,32020,0,NA,NA,345484,0,"K92.2",35208414,NA
89347,5315,192671,1957-05-08,1957-05-08,NA,NA,32020,0,NA,NA,353460,0,"K92.2",35208414,NA
87518,5207,192671,1995-05-04,1995-05-04,NA,NA,32020,0,NA,NA,346377,0,"K92.2",35208414,NA
79679,4720,192671,2014-04-25,2014-04-25,NA,NA,32020,0,NA,NA,314352,0,"K92.2",35208414,NA
88304,5251,192671,1962-05-29,1962-05-29,NA,NA,32020,0,NA,NA,349328,0,"K92.2",35208414,NA
85541,5086,192671,2010-03-26,2010-03-26,NA,NA,32020,0,NA,NA,338170,0,"K92.2",35208414,NA
89065,5299,192671,2007-03-28,2007-03-28,NA,NA,32020,0,NA,NA,352548,0,"K92.2",35208414,NA
87558,5210,192671,2015-08-12,2015-08-12,NA,NA,32020,0,NA,NA,346506,0,"K92.2",35208414,NA
88772,5278,192671,2013-10-23,2013-10-23,NA,NA,32020,0,NA,NA,351130,0,"K92.2",35208414,NA
89403,5316,192671,1995-08-02,1995-08-02,NA,NA,32020,0,NA,NA,353616,0,"K92.2",35208414,NA
86394,5142,192671,1985-05-16,1985-05-16,NA,NA,32020,0,NA,NA,341703,0,"K92.2",35208414,NA
88912,5285,192671,1981-02-06,1981-02-06,NA,NA,32020,0,NA,NA,351724,0,"K92.2",35208414,NA
89106,5301,192671,1953-03-01,1953-03-01,NA,NA,32020,0,NA,NA,352697,0,"K92.2",35208414,NA
88796,5279,192671,1985-03-02,1985-03-02,NA,NA,32020,0,NA,NA,351149,0,"K92.2",35208414,NA
86613,5152,192671,2012-06-20,2012-06-20,NA,NA,32020,0,NA,NA,342648,0,"K92.2",35208414,NA
85792,5104,192671,2017-06-24,2017-06-24,NA,NA,32020,0,NA,NA,339225,0,"K92.2",35208414,NA
86080,5121,192671,2000-04-10,2000-04-10,NA,NA,32020,0,NA,NA,340509,0,"K92.2",35208414,NA
86643,5153,192671,1987-03-14,1987-03-14,NA,NA,32020,0,NA,NA,342655,0,"K92.2",35208414,NA
