"year","n_patients"
1944,2
1945,1
1947,2
1948,1
1949,1
1950,3
1953,2
1955,2
1956,1
1957,3
1958,5
1959,1
1960,1
1961,1
1962,1
1963,3
1964,1
1965,2
1966,1
1968,1
1969,3
1970,2
1971,1
1972,3
1973,1
1974,3
1975,7
1976,3
1977,3
1978,3
1979,1
1980,8
1981,5
1982,7
1983,1
1984,7
1985,10
1986,6
1987,9
1988,6
1989,6
1990,9
1991,6
1992,11
1993,5
1994,9
1995,17
1996,9
1997,11
1998,11
1999,13
2000,15
2001,17
2002,13
2003,12
2004,9
2005,13
2006,11
2007,14
2008,13
2009,13
2010,21
2011,8
2012,14
2013,13
2014,9
2015,12
2016,9
2017,17
2018,10
2019,5
